first_name,last_name,email
John,Doe,john.doe@example.com
,Smith,missing.first@example.com
Jane,,missing.last@example.com
Bob,Builder,invalid-email
Alice,Wonder,alice.wonder@example.com
Charlie,Brown,charlie.brown@example.com
David,,david.jones@example.com
,White,sarah.white@example.com
Tom,Hanks,not-an-email
Lisa,Simpson,lisa.simpson@example.com
